{
  "metrics": {
    "data_received": {
      "count": 121481,
      "rate": 7553.826608869569
    },
    "data_sent": {
      "count": 836,
      "rate": 51.983429878046444
    },
    "http_req_blocked": {
      "avg": 93.34097418181818,
      "max": 1026.662963,
      "med": 0.008932,
      "min": 0.007314,
      "p(90)": 0.009755,
      "p(95)": 513.336359
    },
    "http_req_connecting": {
      "avg": 37.38368418181818,
      "max": 411.220526,
      "med": 0,
      "min": 0,
      "p(90)": 0,
      "p(95)": 205.610263
    },
    "http_req_duration": {
      "avg": 365.6780141818182,
      "max": 429.064795,
      "med": 346.671733,
      "min": 316.191781,
      "p(90)": 416.172762,
      "p(95)": 422.61877849999996
    },
    "http_req_receiving": {
      "avg": 6.524153454545455,
      "max": 18.642776,
      "med": 1.12912,
      "min": 0.134776,
      "p(90)": 16.750004,
      "p(95)": 17.69639
    },
    "http_req_sending": {
      "avg": 0.05258045454545455,
      "max": 0.13302,
      "med": 0.045366,
      "min": 0.03431,
      "p(90)": 0.058194,
      "p(95)": 0.095607
    },
    "http_req_tls_handshaking": {
      "avg": 0,
      "max": 0,
      "med": 0,
      "min": 0,
      "p(90)": 0,
      "p(95)": 0
    },
    "http_req_waiting": {
      "avg": 359.10128027272725,
      "max": 414.99064,
      "med": 330.973001,
      "min": 315.457843,
      "p(90)": 414.333957,
      "p(95)": 414.6622985
    },
    "http_reqs": {
      "count": 11,
      "rate": 0.6839924983953479
    },
    "iteration_duration": {
      "avg": 1459.4975379999998,
      "max": 2456.217838,
      "med": 1347.267746,
      "min": 1316.66479,
      "p(90)": 1416.725286,
      "p(95)": 1936.4715620000002
    },
    "iterations": {
      "count": 11,
      "rate": 0.6839924983953479
    },
    "vus": {
      "max": 1,
      "min": 1,
      "value": 1
    },
    "vus_max": {
      "max": 1,
      "min": 1,
      "value": 1
    }
  },
  "root_group": {
    "name": "",
    "path": "",
    "id": "d41d8cd98f00b204e9800998ecf8427e",
    "groups": {},
    "checks": {}
  }
}
